{"one_seven_visuals":{"one_seven_visuals_enabled_bl":true,"panelIndex":0,"seen":false},"fps":{"x":1.0,"y":0.5,"fps_enabled_bl":true,"panelIndex":0,"seen":true},"cps":{"position":"bottom_left","x":174.50008,"y":-2.0,"panelIndex":1,"seen":true,"options":{"scale_nr":"1.47","rightCLick_bl":true}},"skyblockAddons":{"skyblockAddons_enabled_bl":false,"panelIndex":0,"seen":false,"skyBlockAddonsManaBarChild":{"x":40.0,"y":-40.0,"panelIndex":0,"seen":false},"skyBlockAddonsManaTextChild":{"x":40.0,"y":-44.0,"panelIndex":0,"seen":false},"skyBlockAddonsHealthBarChild":{"x":-38.0,"y":-40.0,"panelIndex":0,"seen":false},"skyBlockAddonsHealthTextChild":{"x":-40.0,"y":-44.0,"panelIndex":0,"seen":false},"skyBlockAddonsDefenseIconChild":{"x":19.0,"y":-40.0,"panelIndex":0,"seen":false},"skyBlockAddonsDefenseTextChild":{"x":10.0,"y":8.0,"panelIndex":0,"seen":false},"skyBlockAddonsDefensePercentageChild":{"x":10.0,"y":12.0,"panelIndex":0,"seen":false},"skyBlockAddonsSpeedTextChild":{"x":19.0,"y":-28.0,"panelIndex":0,"seen":false},"skyblockAddonsBirchParkRainmaker":{"x":-80.0,"y":10.0,"panelIndex":0,"seen":false},"skyblockAddonsdarkAuctionoTimer":{"x":10.0,"y":130.0,"panelIndex":0,"seen":false},"skyblockAddonsEndstoneProtector":{"x":80.0,"y":130.0,"panelIndex":0,"seen":false},"skyblockAddonsMagmaTimer":{"x":10.0,"y":154.0,"panelIndex":0,"seen":false},"skyBlockAddonsPowerOrbStausChild":{"x":124.0,"y":-2.0,"panelIndex":0,"seen":false},"skyblockAddonsBoneDisplay":{"x":-80.0,"y":26.0,"panelIndex":0,"seen":false},"skyblockAddonsSkillDisplay":{"x":10.0,"y":92.0,"panelIndex":0,"seen":false},"skyblockAddonsSummoningEyeCounter":{"x":-80.0,"y":56.0,"panelIndex":0,"seen":false},"skyblockAddonsTickerChargesDisplay":{"x":-80.0,"y":42.0,"panelIndex":0,"seen":false},"skyblockAddonsZealotCounter":{"x":80.0,"y":144.0,"panelIndex":0,"seen":false},"skyblockAddonsZealotTotalCounter":{"x":80.0,"y":160.0,"panelIndex":0,"seen":false},"skyblockAddonsZealotPerEye":{"x":80.0,"y":176.0,"panelIndex":0,"seen":false},"bait_list":{"x":115.0,"y":72.0,"bait_list_enabled_bl":false,"panelIndex":0,"seen":false},"sba_feature_warning":{"panelIndex":0,"seen":false}},"toggleSneak":{"x":10.0,"y":10.0,"toggleSneak_enabled_bl":false,"panelIndex":2,"seen":true},"hypixel_mod":{"hypixel_mod_enabled_bl":false,"panelIndex":3,"seen":false},"armorstatus":{"y":1.0,"panelIndex":4,"seen":false,"options":{"scale_nr":"1.37"}},"keystrokes":{"position":"top_right","x":-7.739985,"y":26.260014,"panelIndex":5,"seen":true,"options":{"scale_nr":"1.46","leftCPS_bl":true,"rightCPS_bl":true,"spacebar_bl":true}},"coords":{"x":1.0,"y":21.5,"panelIndex":6,"seen":true,"options":{"show_labels_bl":false,"show_biome_bl":false,"biome_coordinates_bl":false,"biome_color_bl":false}},"crosshair":{"crosshair_enabled_bl":true,"panelIndex":7,"seen":true,"options":{"gap_nr":"2.0"}},"potioneffects":{"position":"bottom_center_left","x":-168.0,"y":1.0,"panelIndex":8,"seen":false},"directionhud":{"y":4.0,"directionhud_enabled_bl":false,"panelIndex":9,"seen":true},"waypoints":{"panelIndex":10,"seen":true},"scoreboard":{"position":"bottom_right","y":-254.0,"panelIndex":11,"seen":false},"potion_counter":{"y":62.0,"panelIndex":12,"seen":false},"ping":{"x":70.0,"y":86.0,"panelIndex":13,"seen":false},"motionBlur":{"panelIndex":14,"seen":true},"chat":{"panelIndex":15,"seen":true,"options":{"chatNameColor":"GREEN"}},"scrollable_tooltips":{"panelIndex":16,"seen":false},"uhc_overlay":{"panelIndex":17,"seen":false},"particleMultiplierMod":{"panelIndex":18,"seen":false},"cooldowns":{"x":-169.0,"y":-6.0,"cooldowns_enabled_bl":false,"panelIndex":19,"seen":false,"options":{"scale_nr":"1.07"}},"worldedit_cui":{"panelIndex":20,"seen":false},"clock":{"y":0.5,"clock_enabled_bl":true,"panelIndex":21,"seen":true},"stopwatch":{"x":-10.0,"y":30.0,"panelIndex":22,"seen":false},"memory":{"x":-10.0,"y":50.0,"panelIndex":23,"seen":false},"combo":{"x":-10.0,"y":90.0,"panelIndex":24,"seen":false},"range":{"x":70.0,"y":106.0,"panelIndex":25,"seen":false},"time_changer":{"panelIndex":26,"seen":true,"options":{"time_nr":"-9397"}},"serverAddressMod":{"x":70.0,"y":66.0,"panelIndex":27,"seen":false},"saturation":{"position":"bottom_right","x":-305.5,"y":-41.5,"saturation_enabled_bl":true,"panelIndex":28,"seen":true,"options":{"background_bl":false}},"itemPhysic":{"panelIndex":29,"seen":true},"itemTrackerChild":{"x":10.0,"y":75.0,"panelIndex":30,"seen":true},"shinyPots":{"shinyPots_enabled_bl":true,"panelIndex":31,"seen":true,"options":{"colored_bl":true}},"block_outline":{"block_outline_enabled_bl":true,"panelIndex":32,"seen":true,"options":{"block_outline_color_clr_nr":{"value":743833599},"block_overlay_color_clr_nr":{"value":671132330},"block_overlay_bl":true}},"screenshot":{"screenshot_enabled_bl":false,"panelIndex":33,"seen":true},"fov_mod":{"panelIndex":34,"seen":true,"options":{"default_fov_nr":"88","slowness_fov_nr":"88","sprinting_fov_nr":"88","flying_fov_nr":"88","speed_fov_nr":"88"}},"textHotKey":{"panelIndex":35,"seen":false},"netgraph":{"panelIndex":36,"seen":true},"mumble-link":{"panelIndex":37,"seen":false},"bossbar":{"x":1.5,"y":0.5,"bossbar_enabled_bl":false,"panelIndex":38,"seen":true},"freelook":{"panelIndex":39,"seen":true},"teamview":{"teamview_enabled_bl":false,"panelIndex":40,"seen":true}}