{
	"credit": "Made with Blockbench",
	"textures": {
		"1": "./czaszka"
	},
	"elements": [
		{
			"name": "hand",
			"from": [9.325, 5.1, 8.55],
			"to": [10.225, 8.6, 9.55],
			"rotation": {"angle": 0, "axis": "y", "origin": [9.6, 7, 9.05034]},
			"faces": {
				"north": {"uv": [12, 7, 16, 8], "texture": "#1"},
				"east": {"uv": [12, 7, 16, 8], "texture": "#1"},
				"south": {"uv": [12, 7, 16, 8], "texture": "#1"},
				"west": {"uv": [12, 6, 16, 8], "texture": "#1"},
				"up": {"uv": [12, 7, 16, 8], "texture": "#1"},
				"down": {"uv": [12, 7, 16, 8], "texture": "#1"}
			}
		},
		{
			"from": [9.2059, -14.07502, 19.36233],
			"to": [9.4059, 9.62498, 19.56233],
			"rotation": {"angle": 22.5, "axis": "x", "origin": [9.33993, -4.04822, 15.43899]},
			"faces": {
				"north": {"uv": [15, 11, 16, 16], "rotation": 270, "texture": "#1"},
				"east": {"uv": [15, 11, 16, 16], "rotation": 270, "texture": "#1"},
				"south": {"uv": [15, 11, 16, 16], "rotation": 270, "texture": "#1"},
				"west": {"uv": [15, 11, 16, 16], "rotation": 270, "texture": "#1"},
				"up": {"uv": [15, 11, 16, 16], "rotation": 270, "texture": "#1"},
				"down": {"uv": [15, 11, 16, 16], "rotation": 270, "texture": "#1"}
			}
		},
		{
			"from": [9.2059, 4.37498, 19.36233],
			"to": [9.4059, 28.07498, 19.56233],
			"rotation": {"angle": -22.5, "axis": "x", "origin": [9.3014, 18.02671, 15.47758]},
			"faces": {
				"north": {"uv": [15, 11, 16, 16], "rotation": 270, "texture": "#1"},
				"east": {"uv": [15, 11, 16, 16], "rotation": 270, "texture": "#1"},
				"south": {"uv": [15, 11, 16, 16], "rotation": 270, "texture": "#1"},
				"west": {"uv": [15, 11, 16, 16], "rotation": 270, "texture": "#1"},
				"up": {"uv": [15, 11, 16, 16], "rotation": 270, "texture": "#1"},
				"down": {"uv": [15, 11, 16, 16], "rotation": 270, "texture": "#1"}
			}
		},
		{
			"from": [9.30367, 7.87851, 8.35465],
			"to": [10.25367, 8.67851, 8.65465],
			"rotation": {"angle": -22.5, "axis": "x", "origin": [10.01204, 8.37432, 8.50885]},
			"faces": {
				"north": {"uv": [13.5, 6, 14.5, 7], "texture": "#1"},
				"east": {"uv": [13.5, 6, 14.5, 7], "texture": "#1"},
				"south": {"uv": [13.5, 6, 14.5, 7], "texture": "#1"},
				"west": {"uv": [13.5, 6, 14.5, 7], "texture": "#1"},
				"up": {"uv": [13.5, 6, 14.5, 7], "texture": "#1"},
				"down": {"uv": [13.5, 6, 14.5, 7], "texture": "#1"}
			}
		},
		{
			"from": [9.29723, 7.88584, 9.44443],
			"to": [10.24723, 8.68584, 9.74443],
			"rotation": {"angle": 22.5, "axis": "x", "origin": [10.0056, 8.38166, 9.59023]},
			"faces": {
				"north": {"uv": [14, 6, 15, 7], "texture": "#1"},
				"east": {"uv": [14, 6, 15, 7], "texture": "#1"},
				"south": {"uv": [14, 6, 15, 7], "texture": "#1"},
				"west": {"uv": [14, 6, 15, 7], "texture": "#1"},
				"up": {"uv": [14, 6, 15, 7], "texture": "#1"},
				"down": {"uv": [14, 6, 15, 7], "texture": "#1"}
			}
		},
		{
			"from": [9.3, 8.6, 8.25],
			"to": [10.25, 10.1, 9.85],
			"rotation": {"angle": 0, "axis": "y", "origin": [9.6, 7, 9.05034]},
			"faces": {
				"north": {"uv": [12.5, 5, 15.5, 6], "texture": "#1"},
				"east": {"uv": [12.5, 5, 15.5, 6], "texture": "#1"},
				"south": {"uv": [12.5, 5, 15.5, 6], "texture": "#1"},
				"west": {"uv": [12.5, 5, 15.5, 6], "texture": "#1"},
				"up": {"uv": [12.5, 5, 15.5, 6], "texture": "#1"},
				"down": {"uv": [12.5, 5, 15.5, 6], "texture": "#1"}
			}
		},
		{
			"from": [7.55, 9.60165, 6.55184],
			"to": [11.05, 13.10165, 10.05184],
			"rotation": {"angle": 0, "axis": "x", "origin": [9.29816, 11.35175, 8.30009]},
			"faces": {
				"north": {"uv": [12, 4, 16, 8], "rotation": 180, "texture": "#1"},
				"east": {"uv": [8, 4, 12, 8], "texture": "#1"},
				"south": {"uv": [4, 4, 8, 8], "texture": "#1"},
				"west": {"uv": [0, 4, 4, 8], "texture": "#1"},
				"up": {"uv": [4, 0, 8, 4], "texture": "#1"},
				"down": {"uv": [12, 4, 16, 8], "rotation": 180, "texture": "#1"}
			}
		},
		{
			"from": [9.05, 13.1, 6.55],
			"to": [9.55, 16.6, 7.55],
			"rotation": {"angle": -22.5, "axis": "x", "origin": [9.29162, 14.85217, 8.05621]},
			"faces": {
				"north": {"uv": [13, 6, 14.5, 8], "rotation": 180, "texture": "#1"},
				"east": {"uv": [12, 6, 16, 8], "rotation": 180, "texture": "#1"},
				"south": {"uv": [13, 6, 14.5, 8], "rotation": 180, "texture": "#1"},
				"west": {"uv": [12, 6, 16, 8], "rotation": 180, "texture": "#1"},
				"up": {"uv": [12.5, 7.5, 13, 8], "rotation": 270, "texture": "#1"},
				"down": {"uv": [12, 6, 16, 8], "rotation": 270, "texture": "#1"}
			}
		},
		{
			"from": [9.07972, 15.88837, 5.99325],
			"to": [9.52972, 20.38837, 6.99325],
			"rotation": {"angle": 0, "axis": "x", "origin": [9.284, 17.63702, 6.47794]},
			"faces": {
				"north": {"uv": [13, 6, 14.5, 8], "texture": "#1"},
				"east": {"uv": [12, 6, 16, 8], "texture": "#1"},
				"south": {"uv": [13, 6, 14.5, 8], "texture": "#1"},
				"west": {"uv": [12, 6, 16, 8], "texture": "#1"},
				"up": {"uv": [12, 6, 16, 8], "rotation": 270, "texture": "#1"},
				"down": {"uv": [12.5, 7.5, 13, 8], "rotation": 270, "texture": "#1"}
			}
		},
		{
			"from": [9.07987, 20.22394, 5.85585],
			"to": [9.52987, 24.72394, 6.85585],
			"rotation": {"angle": 22.5, "axis": "x", "origin": [9.28512, 19.96519, 6.34048]},
			"faces": {
				"north": {"uv": [13, 6, 14.5, 8], "rotation": 180, "texture": "#1"},
				"east": {"uv": [12, 6, 16, 8], "rotation": 180, "texture": "#1"},
				"south": {"uv": [13, 6, 14.5, 8], "rotation": 180, "texture": "#1"},
				"west": {"uv": [12, 6, 16, 8], "rotation": 180, "texture": "#1"},
				"up": {"uv": [12.5, 7.5, 13, 8], "rotation": 270, "texture": "#1"},
				"down": {"uv": [12, 6, 16, 8], "rotation": 270, "texture": "#1"}
			}
		},
		{
			"from": [9.10745, 25.26914, 7.39174],
			"to": [9.50745, 26.26914, 12.29174],
			"rotation": {"angle": -45, "axis": "x", "origin": [9.2801, 25.7943, 9.63123]},
			"faces": {
				"north": {"uv": [12.5, 7.5, 13, 8], "rotation": 90, "texture": "#1"},
				"east": {"uv": [12, 6, 16, 8], "rotation": 270, "texture": "#1"},
				"south": {"uv": [12, 6, 16, 8], "rotation": 270, "texture": "#1"},
				"west": {"uv": [12, 6, 16, 8], "rotation": 90, "texture": "#1"},
				"up": {"uv": [13, 6, 14.5, 8], "rotation": 180, "texture": "#1"},
				"down": {"uv": [13, 6, 14.5, 8], "texture": "#1"}
			}
		},
		{
			"from": [9.1309, 27.92172, 11.19906],
			"to": [9.4809, 28.92172, 15.69906],
			"rotation": {"angle": -22.5, "axis": "x", "origin": [9.2598, 28.41449, 13.47737]},
			"faces": {
				"north": {"uv": [12, 6, 16, 8], "rotation": 90, "texture": "#1"},
				"east": {"uv": [12, 6, 16, 8], "rotation": 90, "texture": "#1"},
				"south": {"uv": [12.5, 7.5, 13, 8], "rotation": 270, "texture": "#1"},
				"west": {"uv": [12, 6, 16, 8], "rotation": 270, "texture": "#1"},
				"up": {"uv": [13, 6, 14.5, 8], "texture": "#1"},
				"down": {"uv": [13, 6, 14.5, 8], "rotation": 180, "texture": "#1"}
			}
		},
		{
			"from": [9.30367, 5.02149, 8.35465],
			"to": [10.25367, 5.82149, 8.65465],
			"rotation": {"angle": 22.5, "axis": "x", "origin": [10.01204, 5.32568, 8.50885]},
			"faces": {
				"north": {"uv": [13.5, 7, 14.5, 6], "texture": "#1"},
				"east": {"uv": [13.5, 7, 14.5, 6], "texture": "#1"},
				"south": {"uv": [13.5, 7, 14.5, 6], "texture": "#1"},
				"west": {"uv": [13.5, 7, 14.5, 6], "texture": "#1"},
				"up": {"uv": [13.5, 7, 14.5, 6], "texture": "#1"},
				"down": {"uv": [13.5, 7, 14.5, 6], "texture": "#1"}
			}
		},
		{
			"from": [9.29723, 5.01416, 9.44443],
			"to": [10.24723, 5.81416, 9.74443],
			"rotation": {"angle": -22.5, "axis": "x", "origin": [10.0056, 5.31834, 9.59023]},
			"faces": {
				"north": {"uv": [14, 7, 15, 6], "texture": "#1"},
				"east": {"uv": [14, 7, 15, 6], "texture": "#1"},
				"south": {"uv": [14, 7, 15, 6], "texture": "#1"},
				"west": {"uv": [14, 7, 15, 6], "texture": "#1"},
				"up": {"uv": [14, 7, 15, 6], "texture": "#1"},
				"down": {"uv": [14, 7, 15, 6], "texture": "#1"}
			}
		},
		{
			"from": [9.3, 3.6, 8.25],
			"to": [10.25, 5.1, 9.85],
			"rotation": {"angle": 0, "axis": "y", "origin": [9.6, 6.7, 9.05034]},
			"faces": {
				"north": {"uv": [12.5, 6, 15.5, 5], "texture": "#1"},
				"east": {"uv": [12.5, 6, 15.5, 5], "texture": "#1"},
				"south": {"uv": [12.5, 6, 15.5, 5], "texture": "#1"},
				"west": {"uv": [12.5, 6, 15.5, 5], "texture": "#1"},
				"up": {"uv": [12.5, 6, 15.5, 5], "texture": "#1"},
				"down": {"uv": [12.5, 6, 15.5, 5], "texture": "#1"}
			}
		},
		{
			"from": [7.55, 0.59835, 6.55184],
			"to": [11.05, 4.09835, 10.05184],
			"rotation": {"angle": 0, "axis": "x", "origin": [9.29816, 2.34825, 8.30009]},
			"faces": {
				"north": {"uv": [12, 8, 16, 4], "rotation": 180, "texture": "#1"},
				"east": {"uv": [8, 8, 12, 4], "texture": "#1"},
				"south": {"uv": [4, 8, 8, 4], "texture": "#1"},
				"west": {"uv": [0, 8, 4, 4], "texture": "#1"},
				"up": {"uv": [12, 8, 16, 4], "rotation": 180, "texture": "#1"},
				"down": {"uv": [4, 4, 8, 0], "texture": "#1"}
			}
		},
		{
			"from": [9.05, -2.9, 6.55],
			"to": [9.55, 0.6, 7.55],
			"rotation": {"angle": 22.5, "axis": "x", "origin": [9.29162, -1.15217, 8.05621]},
			"faces": {
				"north": {"uv": [13, 8, 14.5, 6], "rotation": 180, "texture": "#1"},
				"east": {"uv": [12, 8, 16, 6], "rotation": 180, "texture": "#1"},
				"south": {"uv": [13, 8, 14.5, 6], "rotation": 180, "texture": "#1"},
				"west": {"uv": [12, 8, 16, 6], "rotation": 180, "texture": "#1"},
				"up": {"uv": [16, 6, 12, 8], "rotation": 270, "texture": "#1"},
				"down": {"uv": [13, 7.5, 12.5, 8], "rotation": 270, "texture": "#1"}
			}
		},
		{
			"from": [9.07972, -6.68837, 5.99325],
			"to": [9.52972, -2.18837, 6.99325],
			"rotation": {"angle": 0, "axis": "x", "origin": [9.284, -3.93702, 6.47794]},
			"faces": {
				"north": {"uv": [13, 8, 14.5, 6], "texture": "#1"},
				"east": {"uv": [12, 8, 16, 6], "texture": "#1"},
				"south": {"uv": [13, 8, 14.5, 6], "texture": "#1"},
				"west": {"uv": [12, 8, 16, 6], "texture": "#1"},
				"up": {"uv": [13, 7.5, 12.5, 8], "rotation": 270, "texture": "#1"},
				"down": {"uv": [16, 6, 12, 8], "rotation": 270, "texture": "#1"}
			}
		},
		{
			"from": [9.07987, -11.02394, 5.85585],
			"to": [9.52987, -6.52394, 6.85585],
			"rotation": {"angle": -22.5, "axis": "x", "origin": [9.28512, -6.26519, 6.34048]},
			"faces": {
				"north": {"uv": [13, 8, 14.5, 6], "rotation": 180, "texture": "#1"},
				"east": {"uv": [12, 8, 16, 6], "rotation": 180, "texture": "#1"},
				"south": {"uv": [13, 8, 14.5, 6], "rotation": 180, "texture": "#1"},
				"west": {"uv": [12, 8, 16, 6], "rotation": 180, "texture": "#1"},
				"up": {"uv": [16, 6, 12, 8], "rotation": 270, "texture": "#1"},
				"down": {"uv": [13, 7.5, 12.5, 8], "rotation": 270, "texture": "#1"}
			}
		},
		{
			"from": [9.10745, -12.56914, 7.39174],
			"to": [9.50745, -11.56914, 12.29174],
			"rotation": {"angle": 45, "axis": "x", "origin": [9.2801, -12.0943, 9.63123]},
			"faces": {
				"north": {"uv": [13, 7.5, 12.5, 8], "rotation": 90, "texture": "#1"},
				"east": {"uv": [16, 6, 12, 8], "rotation": 270, "texture": "#1"},
				"south": {"uv": [16, 6, 12, 8], "rotation": 270, "texture": "#1"},
				"west": {"uv": [16, 6, 12, 8], "rotation": 90, "texture": "#1"},
				"up": {"uv": [13, 8, 14.5, 6], "texture": "#1"},
				"down": {"uv": [13, 8, 14.5, 6], "rotation": 180, "texture": "#1"}
			}
		},
		{
			"from": [9.1309, -15.22172, 11.19906],
			"to": [9.4809, -14.22172, 15.69906],
			"rotation": {"angle": 22.5, "axis": "x", "origin": [9.2598, -14.71449, 13.47737]},
			"faces": {
				"north": {"uv": [16, 6, 12, 8], "rotation": 90, "texture": "#1"},
				"east": {"uv": [16, 6, 12, 8], "rotation": 90, "texture": "#1"},
				"south": {"uv": [13, 7.5, 12.5, 8], "rotation": 270, "texture": "#1"},
				"west": {"uv": [16, 6, 12, 8], "rotation": 270, "texture": "#1"},
				"up": {"uv": [13, 8, 14.5, 6], "rotation": 180, "texture": "#1"},
				"down": {"uv": [13, 8, 14.5, 6], "texture": "#1"}
			}
		},
		{
			"from": [9.175, 6.79966, 3.30034],
			"to": [9.375, 7.19966, 24.35034],
			"rotation": {"angle": 0, "axis": "x", "origin": [9.1, 7, 18.05034]},
			"faces": {
				"north": {"uv": [12, 10, 13, 11], "texture": "#1"},
				"east": {"uv": [0, 10, 13, 11], "rotation": 180, "texture": "#1"},
				"south": {"uv": [0, 10, 1, 11], "texture": "#1"},
				"west": {"uv": [0, 10, 13, 11], "texture": "#1"},
				"up": {"uv": [0, 10, 13, 11], "rotation": 90, "texture": "#1"},
				"down": {"uv": [0, 10, 13, 11], "rotation": 270, "texture": "#1"}
			}
		},
		{
			"from": [9.15, 6.77466, 23.57534],
			"to": [9.4, 7.22466, 24.42534],
			"rotation": {"angle": 0, "axis": "x", "origin": [9.1, 7, 18.05034]},
			"faces": {
				"north": {"uv": [0, 12, 1, 13], "texture": "#1"},
				"east": {"uv": [0, 12, 3, 13], "texture": "#1"},
				"south": {"uv": [0, 12, 1, 13], "texture": "#1"},
				"west": {"uv": [0, 12, 3, 13], "texture": "#1"},
				"up": {"uv": [0, 12, 3, 13], "texture": "#1"},
				"down": {"uv": [0, 12, 3, 13], "texture": "#1"}
			}
		},
		{
			"from": [9.275, 6.29966, 23.60034],
			"to": [9.275, 7.69966, 24.42534],
			"rotation": {"angle": 0, "axis": "x", "origin": [9.1, 7, 18.05034]},
			"faces": {
				"north": {"uv": [1, 11, 2, 12], "texture": "#1"},
				"east": {"uv": [1, 11, 2, 12], "texture": "#1"},
				"south": {"uv": [1, 11, 2, 12], "texture": "#1"},
				"west": {"uv": [1, 11, 2, 12], "texture": "#1"},
				"up": {"uv": [1, 11, 2, 12], "texture": "#1"},
				"down": {"uv": [1, 11, 2, 12], "texture": "#1"}
			}
		},
		{
			"from": [8.59951, 7.00363, 23.60034],
			"to": [9.99951, 7.00363, 24.42534],
			"rotation": {"angle": 0, "axis": "z", "origin": [9.28924, 6.98939, 24.15885]},
			"faces": {
				"north": {"uv": [1, 11, 2, 12], "rotation": 270, "texture": "#1"},
				"east": {"uv": [1, 11, 2, 12], "rotation": 90, "texture": "#1"},
				"south": {"uv": [1, 11, 2, 12], "rotation": 90, "texture": "#1"},
				"west": {"uv": [1, 11, 2, 12], "rotation": 90, "texture": "#1"},
				"up": {"uv": [0, 12, 3, 13], "texture": "#1"},
				"down": {"uv": [1, 11, 2, 12], "rotation": 90, "texture": "#1"}
			}
		},
		{
			"from": [9.1762, 6.89714, 2.33464],
			"to": [9.3762, 7.24714, 2.95964],
			"rotation": {"angle": -22.5, "axis": "x", "origin": [9.24287, 7.03253, 2.43261]},
			"faces": {
				"north": {"uv": [15, 10, 16, 11], "rotation": 180, "texture": "#1"},
				"east": {"uv": [15, 10, 16, 11], "rotation": 180, "texture": "#1"},
				"south": {"uv": [15, 10, 16, 11], "rotation": 180, "texture": "#1"},
				"west": {"uv": [15, 10, 16, 11], "rotation": 180, "texture": "#1"},
				"up": {"uv": [15, 10, 16, 11], "rotation": 180, "texture": "#1"},
				"down": {"uv": [15, 10, 16, 11], "rotation": 180, "texture": "#1"}
			}
		},
		{
			"from": [9.17849, 6.75277, 2.33303],
			"to": [9.37849, 7.10277, 2.95803],
			"rotation": {"angle": 22.5, "axis": "x", "origin": [9.22016, 6.96739, 2.431]},
			"faces": {
				"north": {"uv": [15, 11, 16, 10], "rotation": 180, "texture": "#1"},
				"east": {"uv": [15, 11, 16, 10], "rotation": 180, "texture": "#1"},
				"south": {"uv": [15, 11, 16, 10], "rotation": 180, "texture": "#1"},
				"west": {"uv": [15, 11, 16, 10], "rotation": 180, "texture": "#1"},
				"up": {"uv": [15, 11, 16, 10], "rotation": 180, "texture": "#1"},
				"down": {"uv": [15, 11, 16, 10], "rotation": 180, "texture": "#1"}
			}
		},
		{
			"from": [9.19, 6.71982, 2.1644],
			"to": [9.365, 6.99482, 2.4394],
			"rotation": {"angle": 45, "axis": "x", "origin": [10.27149, 6.97942, 2.45419]},
			"faces": {
				"north": {"uv": [14, 10, 15, 9], "rotation": 180, "texture": "#1"},
				"east": {"uv": [14, 10, 15, 9], "rotation": 180, "texture": "#1"},
				"south": {"uv": [14, 10, 15, 9], "rotation": 180, "texture": "#1"},
				"west": {"uv": [14, 10, 15, 9], "rotation": 180, "texture": "#1"},
				"up": {"uv": [14, 10, 15, 9], "rotation": 180, "texture": "#1"},
				"down": {"uv": [14, 10, 15, 9], "rotation": 180, "texture": "#1"}
			}
		},
		{
			"from": [9.15, 6.77466, 2.60034],
			"to": [9.4, 7.22466, 3.47534],
			"rotation": {"angle": 0, "axis": "x", "origin": [9.1, 7, 8.55034]},
			"faces": {
				"north": {"uv": [14, 10, 15, 11], "rotation": 180, "texture": "#1"},
				"east": {"uv": [13, 10, 15, 11], "texture": "#1"},
				"south": {"uv": [13, 10, 14, 11], "rotation": 180, "texture": "#1"},
				"west": {"uv": [13, 10, 15, 11], "rotation": 180, "texture": "#1"},
				"up": {"uv": [13, 10, 15, 11], "rotation": 270, "texture": "#1"},
				"down": {"uv": [13, 10, 15, 11], "rotation": 90, "texture": "#1"}
			}
		}
	],
	"display": {
		"thirdperson_righthand": {
			"rotation": [5, 0, 0],
			"translation": [-1.75, -0.5, -1]
		},
		"thirdperson_lefthand": {
			"translation": [-1.75, -0.5, -1],
			"scale": [-1, 1, 1]
		},
		"firstperson_righthand": {
			"rotation": [20, 5, -0.5],
			"translation": [2, 7.5, -10]
		},
		"firstperson_lefthand": {
			"scale": [-1, 1, 1]
		},
		"ground": {
			"translation": [0, 7.75, 0]
		},
		"gui": {
			"rotation": [71, 45, -88],
			"translation": [-2.5, 6.75, 0]
		},
		"fixed": {
			"rotation": [-90, 0, 90],
			"translation": [-6, 11.5, -1.75],
			"scale": [-2, 2, -2]
		}
	},
	"groups": [
		{
			"name": "group",
			"origin": [9.1, 7, 9.05034],
			"children": [0, 1, 2,
				{
					"name": "up",
					"origin": [8, 8, 8],
					"children": [3, 4, 5, 6, 7, 8, 9, 10, 11]
				},
				{
					"name": "down",
					"origin": [8, 8, 8],
					"children": [12, 13, 14, 15, 16, 17, 18, 19, 20]
				}
			]
		},
		{
			"name": "szczala",
			"origin": [8, 8, 8],
			"children": [21, 22, 23, 24, 25, 26, 27, 28]
		}
	]
}